ID,label
731636917079432960,CSI-Negative
696378716046249984,CSI-Negative
783058099057913984,CSI-Negative
724463512651616000,CSI-Negative
780548639693410048,CSI-Negative
689695242224848896,CSI-Positive
751067018913250944,CSI-Negative
805420073917746944,CSI-Negative
710075195730427904,CSI-Negative
756480913043632128,CSI-Positive
798510921769308160,CSI-Positive
705323635938975744,CSI-Positive
693689319660211968,CSI-Negative
794177929425121280,CSI-Negative
761289862230212608,CSI-Positive
790967209589899264,CSI-Positive
692313803883683840,CSI-Negative
813137045493321984,CSI-Negative
760725299885637632,CSI-Negative
704944591213088768,CSI-Positive
805179074817748992,CSI-Negative
805078278486770048,CSI-Negative
751520843868598016,CSI-Negative
699758125537165056,CSI-Negative
810163915107790976,CSI-Negative
697524544270041088,CSI-Positive
744676767345021056,CSI-Negative
767884739499941888,CSI-Negative
769706017529757696,CSI-Negative
712566251046903808,CSI-Negative
705575133621019008,CSI-Negative
771806735862424064,CSI-Negative
797122172367965952,CSI-Negative
733231701120279040,CSI-Negative
813465948334198784,CSI-Positive
736431095428878336,CSI-Negative
801161892471279616,CSI-Negative
759446700654076032,CSI-Negative
800262628379595008,CSI-Negative
711189460705218944,CSI-Negative
751176095198772992,CSI-Negative
725370656259453056,CSI-Negative
794974862766998016,CSI-Negative
747154345154781056,CSI-Negative
769718407130411008,CSI-Negative
761285640570962048,CSI-Negative
768916219940528128,CSI-Positive
753379277459091456,CSI-Positive
715179228166098944,CSI-Negative
753690093005647872,CSI-Negative
746717958248923136,CSI-Negative
698981107019214976,CSI-Negative
705318067807481984,CSI-Negative
736277412246257664,CSI-Positive
797792402006162944,CSI-Negative
718834145301044992,CSI-Negative
760318592923475968,CSI-Negative
780816547929546752,CSI-Negative
712300509747682944,CSI-Negative
806343355374465024,CSI-Negative
783351978646728704,CSI-Negative
707158953625407488,CSI-Negative
739377349859398016,CSI-Negative
727965162813149184,CSI-Positive
713825157211635712,CSI-Negative
790845675835534976,CSI-Negative
700364041827459072,CSI-Positive
739058840315022976,CSI-Negative
751950944502312960,CSI-Negative
765689517026251008,CSI-Negative
685920528662695936,CSI-Negative
737820266043080960,CSI-Negative
793628688449363968,CSI-Negative
766557846230098048,CSI-Negative
809004037358100480,CSI-Positive
811589129859309568,CSI-Negative
696550764349628032,CSI-Negative
692312217446936576,CSI-Negative
720843340871115008,CSI-Negative
766025775342419968,CSI-Negative
731804218403790976,CSI-Negative
714499800025072000,CSI-Negative
696222677854327040,CSI-Negative
735132037179441152,CSI-Negative
715879506444025984,CSI-Negative
713035222527421952,CSI-Negative
713256148325957632,CSI-Negative
722497378373120000,CSI-Positive
720193179132145664,CSI-Negative
696599111894765952,CSI-Negative
738879329187168000,CSI-Negative
686548909968244736,CSI-Positive
685285195591729024,CSI-Negative
714900923047346048,CSI-Negative
752513375498829952,CSI-Negative
721965473970069504,CSI-Negative
701101656587370496,CSI-Negative
771400458325733376,CSI-Negative
807288010165420032,CSI-Positive
746219886767021952,CSI-Negative
780601151112802048,CSI-Negative
749024968105665024,CSI-Negative
745127169727180800,CSI-Negative
717081064448139008,CSI-Negative
698691929106550784,CSI-Negative
815017762531721216,CSI-Positive
740519326902419456,CSI-Negative
794191718136496000,CSI-Negative
810064551760790016,CSI-Negative
787025978547724288,CSI-Positive
776165438736568320,CSI-Negative
758288459601629184,CSI-Negative
719841722021376000,CSI-Negative
725218932529979392,CSI-Negative
803539528380194816,CSI-Negative
773520902734708736,CSI-Positive
775759503836930048,CSI-Negative
786008280124366848,CSI-Positive
795603312263495680,CSI-Negative
738574552247107968,CSI-Negative
778568753311351040,CSI-Negative
809041559119392768,CSI-Negative
684545645907021824,CSI-Negative
792939307782721024,CSI-Negative
741395491104169984,CSI-Negative
705492004050857984,CSI-Positive
809565018161287168,CSI-Negative
739027092394803200,CSI-Negative
779205965652439040,CSI-Positive
746940246059789952,CSI-Positive
732986796842352640,CSI-Negative
765259396821549056,CSI-Negative
778746746457330048,CSI-Negative
784910289238121984,CSI-Negative
803849537991430016,CSI-Negative
732556043260039168,CSI-Negative
752384018549575680,CSI-Negative
685469328221859840,CSI-Negative
749703352313864192,CSI-Negative
807790857910820992,CSI-Negative
708358716207316992,CSI-Negative
698904567656763392,CSI-Negative
747782826695655424,CSI-Positive
778847854005784960,CSI-Negative
743499725375160064,CSI-Negative
763105610460172032,CSI-Negative
741140696518798976,CSI-Negative
758808208404205568,CSI-Negative
710426646235521024,CSI-Negative
793851101057384064,CSI-Negative
711258601680035840,CSI-Negative
706243080740016128,CSI-Negative
697362707796922368,CSI-Negative
799514315166482432,CSI-Negative
755767944194306048,CSI-Negative
708306737099575296,CSI-Negative
718493545921961984,CSI-Negative
715648006637298048,CSI-Negative
770426977610269056,CSI-Negative
749811432565403648,CSI-Negative
763749183056703488,CSI-Negative
690385518803185664,CSI-Positive
706643384492896000,CSI-Negative
682765722498408064,CSI-Negative
711069632916905984,CSI-Negative
687607169768886016,CSI-Negative
779109785144848384,CSI-Positive
795759689694932992,CSI-Positive
685705883238576000,CSI-Negative
784268360687100032,CSI-Negative
692395421256159232,CSI-Negative
770121693188747264,CSI-Negative
792480617397121024,CSI-Negative
713467831321563136,CSI-Negative
756233792763953152,CSI-Positive
741858021962289024,CSI-Positive
710879390968717056,CSI-Negative
754118939563683968,CSI-Positive
771376964342906880,CSI-Negative
812999119790870528,CSI-Positive
797512583054028800,CSI-Negative
735198254783155968,CSI-Negative
811728887591866368,CSI-Negative
810579608663780992,CSI-Negative
726101733043277952,CSI-Negative
740505410831024000,CSI-Negative
807223577632247808,CSI-Negative
747546081379049472,CSI-Negative
696387258539236992,CSI-Negative
786733763099328512,CSI-Positive
807077125236936960,CSI-Negative
742423045017506048,CSI-Negative
743400756242329600,CSI-Negative
696012989174927360,CSI-Negative
701931422764966016,CSI-Negative
775545173656739968,CSI-Negative
785837206082584576,CSI-Negative
718437348917161984,CSI-Positive
791011941980499968,CSI-Negative
724924664825430016,CSI-Negative
757734849918669056,CSI-Negative
807371564295417984,CSI-Negative
763227773909380992,CSI-Negative
754937893400043520,CSI-Negative
779722084075220992,CSI-Positive
685994985074868224,CSI-Positive
719546166518517760,CSI-Negative
790482755372986368,CSI-Positive
793110599462858752,CSI-Positive
756650175691649024,CSI-Negative
757474220330868736,CSI-Negative
785170539321057280,CSI-Positive
713457367904465024,CSI-Negative
763344277900582912,CSI-Positive
729014028551344000,CSI-Negative
726487322691288960,CSI-Negative
772878428072734976,CSI-Negative
694340305101819904,CSI-Positive
772902649071099904,CSI-Negative
686316156844654976,CSI-Negative
784867922967691008,CSI-Negative
806034424987079040,CSI-Negative
710811669643927552,CSI-Positive
730898090459155968,CSI-Negative
695762008948370944,CSI-Negative
692748896854892544,CSI-Positive
779367329033495040,CSI-Negative
723342232573469056,CSI-Negative
810649943644012544,CSI-Positive
803422260954546176,CSI-Negative
783827697084477056,CSI-Negative
767349936035733504,CSI-Negative
748922690342236160,CSI-Negative
712260572113477632,CSI-Positive
747437024332783616,CSI-Positive
788904549658468352,CSI-Positive
773915400543141888,CSI-Negative
812487190311800960,CSI-Negative
760971931508208000,CSI-Negative
792785129697645056,CSI-Negative
813721189080240000,CSI-Negative
686495525324066816,CSI-Negative
688837958334546048,CSI-Negative
746308995154120960,CSI-Negative
747566666301771776,CSI-Negative
698674396848852992,CSI-Negative
706566455215726976,CSI-Negative
725390886620770048,CSI-Negative
727635098632344064,CSI-Negative
802504708724236288,CSI-Negative
687844177522982912,CSI-Positive
737048275765842048,CSI-Negative
719252302369005952,CSI-Negative
764322694749749248,CSI-Positive
691983628214009856,CSI-Negative
763670635927117824,CSI-Negative
720086748949155968,CSI-Negative
685482342882754944,CSI-Negative
750982690690653952,CSI-Negative
798729609596440576,CSI-Negative
798488609284358016,CSI-Negative
732348319914180992,CSI-Negative
788310403986104064,CSI-Negative
692302782938898432,CSI-Negative
808319441553555456,CSI-Positive
812376331812044800,CSI-Negative
785515517650018048,CSI-Negative
750613194209628032,CSI-Negative
702562392933322752,CSI-Negative
686904530320125952,CSI-Negative
723464438762721280,CSI-Negative
685899785954562048,CSI-Negative
812658469492948992,CSI-Negative
800958698512232064,CSI-Negative
731593750934396928,CSI-Negative
722534579429446016,CSI-Negative
807033552202321920,CSI-Negative
803224706971213824,CSI-Positive
798258348277657984,CSI-Negative
683755987887459968,CSI-Negative
776783140140425216,CSI-Positive
770586049550557056,CSI-Positive
696283290341224448,CSI-Negative
806952500725251968,CSI-Negative
719669541840776960,CSI-Negative
758571859826868224,CSI-Negative
778353187598106624,CSI-Negative
792017103566045184,CSI-Negative
756398494244540032,CSI-Negative
794392190298493056,CSI-Negative
803020948043629056,CSI-Negative
703791952937021056,CSI-Negative
712078078684610944,CSI-Negative
764446873851728000,CSI-Negative
686362944184029056,CSI-Negative
770023506675466240,CSI-Negative
814027865645838336,CSI-Positive
764153884260520064,CSI-Negative
738268037158162048,CSI-Negative
695439109888675968,CSI-Negative
809400515872391168,CSI-Positive
804455392952680064,CSI-Negative
808900952329715968,CSI-Negative
797200728184029056,CSI-Negative
705717524340579968,CSI-Negative
707366333537648640,CSI-Negative
707631965319528448,CSI-Negative
799081827331736064,CSI-Negative
766016502621360128,CSI-Negative
725025850903519232,CSI-Negative
704889284051005440,CSI-Negative
717293132245630976,CSI-Negative
776655390150889472,CSI-Positive
723276570568195968,CSI-Negative
772122457650057216,CSI-Positive
754727016545423360,CSI-Negative
737466180714302976,CSI-Negative
734415211218755584,CSI-Negative
737755781060120576,CSI-Negative
742517459564040064,CSI-Negative
716762146361618432,CSI-Positive
703248368177287168,CSI-Positive
765511297551180032,CSI-Negative
765389167786233984,CSI-Negative
693330605619032064,CSI-Negative
703155867751829504,CSI-Negative
710772174148264064,CSI-Negative
796762627947057152,CSI-Positive
784715898812858368,CSI-Negative
707543692165390336,CSI-Positive
783388420030680960,CSI-Negative
695399197705531392,CSI-Negative
690044643698987008,CSI-Negative
733041398115500032,CSI-Negative
812548340139298944,CSI-Negative
687113377378734080,CSI-Negative
806550898381983744,CSI-Negative
798770126652743680,CSI-Negative
760569487594631168,CSI-Negative
804110870360030976,CSI-Negative
738178462804939008,CSI-Negative
695900366177746944,CSI-Negative
775933100278755328,CSI-Negative
779985408054537984,CSI-Negative
691749918151606272,CSI-Positive
694740112605773824,CSI-Negative
799402621421421056,CSI-Negative
771172501384601600,CSI-Negative
744376442566376960,CSI-Negative
731277900175970048,CSI-Negative
745726109032022016,CSI-Negative
703598106122842112,CSI-Positive
803083956849693056,CSI-Negative
704510986460532992,CSI-Negative
727498551337451520,CSI-Negative
814828666509266944,CSI-Positive
712872829046402944,CSI-Negative
685302546563338240,CSI-Positive
713416914194797056,CSI-Negative
789855075732688896,CSI-Negative
810809461195603968,CSI-Negative
791344942069194752,CSI-Positive
700080025702416384,CSI-Negative
690164954960278016,CSI-Negative
724664193543221248,CSI-Negative
740585446380589056,CSI-Positive
793219503115145216,CSI-Negative
795561474706014208,CSI-Negative
737438132619075968,CSI-Negative
773166398356893696,CSI-Positive
741471672318840960,CSI-Negative
743242260997771008,CSI-Negative
803155810306166784,CSI-Positive
790976956942737024,CSI-Negative
806628070085902336,CSI-Negative
809590055220157952,CSI-Negative
730250739424099968,CSI-Negative
702473315064087040,CSI-Negative
814823627820396544,CSI-Negative
748394903927984000,CSI-Negative
772508366446924032,CSI-Positive
718499745833030016,CSI-Negative
684746213867040768,CSI-Positive
738482725087281024,CSI-Negative
711563542491750016,CSI-Negative
801389343352978944,CSI-Negative
707848535962550272,CSI-Negative
813983687792423040,CSI-Negative
695456307881447040,CSI-Negative
725686913210941440,CSI-Negative
696965793637129984,CSI-Negative
814880722359964032,CSI-Negative
694685943698169984,CSI-Negative
722492778467315712,CSI-Positive
783603011293552640,CSI-Positive
759006186100236288,CSI-Negative
772564961985868032,CSI-Negative
747035751989260288,CSI-Negative
696722500340838400,CSI-Negative
734100961736589312,CSI-Negative
750750063136169984,CSI-Negative
808378413551525888,CSI-Positive
788371420329816064,CSI-Negative
811759181451689984,CSI-Negative
754921443071107072,CSI-Negative
801886869646705024,CSI-Negative
797381970707804160,CSI-Negative
697289444072624128,CSI-Negative
727764958591782912,CSI-Negative
793425274960547840,CSI-Negative
775629185431793664,CSI-Negative
753447048154869760,CSI-Negative
710107616114905088,CSI-Negative
715896043716624384,CSI-Positive
737729120747020288,CSI-Positive
799968667719057024,CSI-Negative
744344878696402944,CSI-Negative
721880804138295040,CSI-Negative
719254144352169984,CSI-Negative
715891260377211008,CSI-Negative
803875540600057984,CSI-Negative
692634509485813760,CSI-Negative
785180711456124928,CSI-Negative
773001415643901952,CSI-Negative
694216236788530944,CSI-Negative
742593422951743488,CSI-Negative
809612215456252032,CSI-Negative
793806567644733056,CSI-Negative
753755603164598016,CSI-Negative
778544403665124992,CSI-Negative
693826586668355584,CSI-Negative
716747552100585472,CSI-Positive
756732149764530176,CSI-Negative
778594735120273408,CSI-Negative
767348889968075008,CSI-Negative
803640000986443776,CSI-Negative
715710740724904064,CSI-Negative
786227135061037056,CSI-Negative
785938976502784000,CSI-Negative
784234891894456320,CSI-Negative
808511645798506496,CSI-Positive
753387215900652032,CSI-Negative
748168849409748992,CSI-Negative
802962939934281984,CSI-Negative
735788095803641984,CSI-Negative
787729116040540160,CSI-Negative
717077480172044032,CSI-Negative
733167763951230976,CSI-Negative
731255046092918784,CSI-Negative
786698422560653056,CSI-Negative
698293104336617472,CSI-Negative
799874018362826752,CSI-Positive
701458902299316224,CSI-Negative
761931985992364032,CSI-Negative
686390201422327808,CSI-Negative
687990188245557248,CSI-Positive
792092618960363520,CSI-Positive
808349819416838144,CSI-Negative
762555325325139968,CSI-Positive
763802121171005056,CSI-Negative
703490699287784960,CSI-Negative
722047862750724096,CSI-Negative
764177818460777984,CSI-Negative
806216940851236992,CSI-Negative
775231052134486016,CSI-Negative
800383784319188992,CSI-Positive
698015388139803008,CSI-Negative
686954725581832192,CSI-Negative
683490128573038592,CSI-Negative
691624237891751936,CSI-Negative
753570912159560064,CSI-Negative
706574538230771968,CSI-Negative
693408795750502016,CSI-Negative
767043969947570048,CSI-Negative
803235027798478848,CSI-Positive
736164258547916800,CSI-Negative
766662035807404032,CSI-Positive
788376744709361664,CSI-Positive
737725857574190976,CSI-Negative
807398784984489984,CSI-Negative
772011556527899008,CSI-Negative
712394645808877952,CSI-Negative
781479051210977024,CSI-Negative
768797949061128064,CSI-Negative
811037372532084992,CSI-Negative
793476851742237056,CSI-Negative
714774244366749696,CSI-Negative
794014078910025984,CSI-Negative
699583536668348416,CSI-Negative
786225222802342016,CSI-Negative
789081423907058048,CSI-Negative
738908504715448064,CSI-Negative
767109763037560960,CSI-Negative
761586585712353024,CSI-Negative
804040760647499776,CSI-Negative
797305040016915968,CSI-Negative
687888721148968960,CSI-Negative
741359315416547328,CSI-Positive
732374137100894208,CSI-Negative
778353254706983040,CSI-Negative
734704146645803008,CSI-Positive
751624140499542016,CSI-Positive
744167872574852992,CSI-Negative
795348790391619968,CSI-Negative
802532502409768960,CSI-Negative
712701863611621376,CSI-Negative
793859830440075264,CSI-Negative
747294546648698880,CSI-Negative
807169458997522048,CSI-Negative
783348763771363328,CSI-Negative
792769758571573248,CSI-Negative
794555920978099968,CSI-Negative
812405104997318656,CSI-Negative
808012052837101056,CSI-Negative
726426866102472960,CSI-Negative
703213020223250432,CSI-Negative
697971070972908032,CSI-Negative
687438060372492032,CSI-Negative
698415931882516480,CSI-Positive
763230717270786048,CSI-Negative
703484221910867968,CSI-Negative
742933859315142656,CSI-Positive
761993008858423040,CSI-Negative
781103306131112064,CSI-Negative
717347452953705984,CSI-Negative
775262149052604416,CSI-Negative
776536937553391616,CSI-Positive
712693602837741952,CSI-Negative
751255330319835008,CSI-Negative
707675896379888000,CSI-Negative
687313625070055424,CSI-Negative
799413336819502976,CSI-Negative
690299063359651968,CSI-Negative
715554982758653952,CSI-Negative
708359465419075968,CSI-Negative
684872334373555968,CSI-Negative
803599964630880256,CSI-Positive
687185592786890752,CSI-Negative
781810353378328064,CSI-Negative
698615159158276096,CSI-Negative
695129963507232768,CSI-Negative
769010384330190976,CSI-Negative
778786734196788992,CSI-Negative
766406466320343040,CSI-Positive
722196111595868032,CSI-Negative
690953707404423040,CSI-Negative
792956353870299008,CSI-Negative
683623172864884736,CSI-Negative
718972346057506944,CSI-Negative
791202977327349760,CSI-Negative
808051880848948992,CSI-Negative
746820566427009024,CSI-Negative
694887256243326976,CSI-Negative
779396448626573312,CSI-Positive
728655859090219008,CSI-Positive
705290462677094400,CSI-Negative
694557588919156736,CSI-Positive
724720750939222016,CSI-Negative
718073681038193024,CSI-Negative
791763272617918464,CSI-Negative
733149474004967040,CSI-Negative
801231247418605952,CSI-Negative
709960700265897984,CSI-Positive
811290042677284992,CSI-Negative
686943321009320064,CSI-Negative
700658252187619328,CSI-Negative
813724278810152960,CSI-Negative
795296752840621952,CSI-Negative
745896914479123968,CSI-Negative
743840370128125952,CSI-Negative
689574341302812672,CSI-Positive
807990700071682048,CSI-Positive
709842944530862080,CSI-Positive
750618282886045696,CSI-Negative
719879127076105984,CSI-Negative
790052705314017024,CSI-Negative
797949287376257024,CSI-Negative
769793998621928960,CSI-Negative
805593020154384384,CSI-Positive
771390239445291008,CSI-Positive
771787179949514752,CSI-Negative
803820572828462976,CSI-Negative
771992636580388992,CSI-Negative
790508313138126848,CSI-Negative
684914850141736960,CSI-Negative
689794742842822656,CSI-Negative
695588002563813376,CSI-Positive
737717872575664128,CSI-Negative
785431852085457024,CSI-Negative
791871007380246528,CSI-Negative
801869697927016064,CSI-Negative
779592170617639040,CSI-Negative
712027374083244032,CSI-Negative
791668727209202048,CSI-Negative
702886802483494912,CSI-Negative
801848133126909952,CSI-Negative
713056330014178944,CSI-Negative
779634489249103872,CSI-Negative
795116818771968000,CSI-Negative
770803310844522496,CSI-Positive
708867557420364032,CSI-Negative
752088246411075584,CSI-Negative
688472997217189888,CSI-Negative
714656495867191040,CSI-Negative
690248253107995008,CSI-Negative
784640436858032000,CSI-Negative
731504530182045952,CSI-Negative
738036507802472448,CSI-Negative
762660803250192384,CSI-Negative
812324821459751040,CSI-Negative
694480207886049280,CSI-Negative
722963905534783488,CSI-Negative
763819035179965952,CSI-Negative
777283805535019008,CSI-Negative
769394435457224960,CSI-Negative
748892093427310592,CSI-Negative
757493401604526080,CSI-Negative
804445591845608960,CSI-Negative
692672125094604800,CSI-Negative
712978711276957696,CSI-Negative
710816270862721024,CSI-Negative
791698450257588224,CSI-Negative
710367271336607744,CSI-Positive
809229213672886016,CSI-Negative
801503628607553536,CSI-Positive
711719547930157056,CSI-Negative
764289555826638976,CSI-Negative
712630959062040576,CSI-Positive
809093313970274048,CSI-Negative
769958702262648832,CSI-Positive
719676206292025344,CSI-Negative
783089567884803968,CSI-Negative
814717724463140864,CSI-Negative
771862075488473088,CSI-Negative
751456446559072000,CSI-Negative
721897547393024000,CSI-Negative
806524474023505920,CSI-Negative
799373232058941056,CSI-Negative
693047726066442240,CSI-Negative
705577368182718464,CSI-Negative
769477525298941952,CSI-Negative
759236628770648064,CSI-Negative
682902059683869056,CSI-Negative
704989626314850048,CSI-Negative
748667905454276608,CSI-Negative
807617914735988992,CSI-Negative
706294604866436992,CSI-Negative
725870628247601024,CSI-Negative
729963480879668992,CSI-Negative
701631530456769024,CSI-Negative
813850074304258048,CSI-Positive
815167385460162560,CSI-Negative
696764425882087424,CSI-Negative
730562833583362048,CSI-Negative
803229830175035008,CSI-Negative
776418068767453184,CSI-Negative
703043258872689024,CSI-Negative
775252267901526016,CSI-Negative
803713024343372032,CSI-Negative
794884088557670016,CSI-Negative
809866700325842944,CSI-Negative
707786434904722944,CSI-Negative
814142153001697280,CSI-Positive
786493753318051840,CSI-Negative
740118819998290048,CSI-Negative
750717473331305984,CSI-Negative
783208792129412992,CSI-Negative
767375818490257024,CSI-Negative
803014193502769152,CSI-Negative
736013279445832064,CSI-Negative
778353467480011008,CSI-Negative
746044313855987712,CSI-Negative
750896763121262976,CSI-Negative
707380609979719680,CSI-Positive
790887824472048000,CSI-Negative
703056902863716352,CSI-Negative
695383090449900032,CSI-Negative
791010665326637056,CSI-Negative
767187709102264064,CSI-Negative
764539646629977984,CSI-Negative
798470235405762944,CSI-Negative
725082313932046336,CSI-Positive
768938516126445568,CSI-Negative
712173049311723520,CSI-Negative
708696806826315776,CSI-Positive
685946122624315008,CSI-Negative
775617056028766208,CSI-Positive
732150474904850048,CSI-Negative
688735596236394496,CSI-Negative
709382500674637824,CSI-Positive
756877951875084032,CSI-Negative
720568197510930432,CSI-Negative
741558304808132992,CSI-Negative
798557765362941952,CSI-Negative
777940643993845760,CSI-Positive
707577468794773504,CSI-Negative
722973667504885760,CSI-Positive
706318687624494976,CSI-Negative
802184095216370048,CSI-Negative
683609913537490944,CSI-Negative
774154558595485952,CSI-Negative
803135370309176960,CSI-Negative
793139754581778048,CSI-Negative
701961597162429952,CSI-Negative
808187826928025984,CSI-Negative
778611794017333248,CSI-Positive
778425578412179456,CSI-Negative
694621530416877952,CSI-Negative
802999457293836032,CSI-Negative
713863682065768448,CSI-Negative
785593792619421696,CSI-Positive
768950339617845248,CSI-Negative
731606070934667008,CSI-Negative
701787302796795904,CSI-Positive
775242670042152960,CSI-Negative
804864225751363584,CSI-Negative
786145706591425024,CSI-Negative
794190180341207040,CSI-Positive
760732919753272960,CSI-Negative
726780883856949248,CSI-Negative
785471797651058688,CSI-Positive
771672657083314176,CSI-Negative
699093897331372032,CSI-Negative
748286261186670592,CSI-Negative
814132375772762112,CSI-Negative
761585570581770240,CSI-Negative
719522139955716096,CSI-Positive
702925981141634944,CSI-Negative
688931575250092032,CSI-Negative
696169446033916032,CSI-Negative
732065741529353984,CSI-Negative
801136266490286080,CSI-Negative
789512118663917952,CSI-Negative
701229432946691968,CSI-Negative
708799826327117824,CSI-Positive
805804106149482496,CSI-Positive
771769026888420992,CSI-Negative
786337242965012480,CSI-Negative
700088274904178944,CSI-Negative
727694053484154880,CSI-Negative
812712380648067072,CSI-Positive
793525081003683968,CSI-Negative
788129443311079040,CSI-Positive
741426898920734720,CSI-Negative
782029793009086464,CSI-Positive
813819101617524992,CSI-Positive
739884308534579200,CSI-Positive
766126073486515968,CSI-Negative
703423088231190528,CSI-Negative
730515928694280064,CSI-Negative
733801063980126208,CSI-Positive
691972903173095424,CSI-Negative
746934210972114944,CSI-Negative
689645099014197248,CSI-Negative
723590520098968064,CSI-Negative
685346816573846016,CSI-Negative
692175765811625984,CSI-Negative
694990092792946944,CSI-Negative
722218057628647040,CSI-Negative
795826501778162048,CSI-Negative
766753456837320704,CSI-Negative
730061908494176256,CSI-Negative
688056191944125952,CSI-Negative
749228593629257728,CSI-Negative
814405608937910016,CSI-Negative
737309629768568960,CSI-Negative
756562261183836032,CSI-Negative
784975670422016000,CSI-Negative
814747183421517952,CSI-Negative
701641008467934976,CSI-Negative
776583671373455360,CSI-Negative
783376137342685056,CSI-Negative
767881693470556160,CSI-Negative
733887499773345792,CSI-Negative
696014394245849088,CSI-Negative
812797458493440000,CSI-Negative
774580697533149184,CSI-Positive
720358538250326016,CSI-Negative
753691105271702016,CSI-Negative
741521698801869056,CSI-Positive
811198413282930944,CSI-Negative
740009422232158208,CSI-Positive
718656174430621696,CSI-Negative
706607906880228992,CSI-Negative
736217881826976000,CSI-Negative
760383274912850048,CSI-Negative
747908691324706816,CSI-Negative
727096835265933312,CSI-Positive
805098365037986048,CSI-Negative
706786844973740032,CSI-Negative
686398180435492992,CSI-Negative
774582334830088064,CSI-Negative
752911795791298560,CSI-Positive
743105229302926976,CSI-Negative
701617375292993536,CSI-Negative
810837285079891968,CSI-Positive
702635622058631040,CSI-Negative
692669239044476928,CSI-Positive
706574611677203968,CSI-Negative
799154737090134016,CSI-Negative
701413807306973056,CSI-Negative
735914267610894336,CSI-Positive
754528928568573952,CSI-Negative
716500313591533568,CSI-Negative
748542928843325056,CSI-Negative
721245943178346496,CSI-Negative
746812642975710976,CSI-Negative
714954227429339008,CSI-Negative
786125418915037056,CSI-Negative
772487575777010048,CSI-Negative
737436287628660992,CSI-Negative
703025703327912064,CSI-Negative
706767584750862336,CSI-Positive
798287177167688064,CSI-Negative
717621417693552640,CSI-Negative
766125591829643008,CSI-Negative
694239151156236032,CSI-Negative
715497609083785216,CSI-Negative
701514941916966912,CSI-Positive
714667188033101824,CSI-Negative
788797844513751040,CSI-Negative
778805925192753152,CSI-Positive
754847929052045056,CSI-Negative
725114525469544064,CSI-Negative
764558754499158016,CSI-Negative
694580587638558720,CSI-Negative
725543655117864960,CSI-Negative
703806746335145984,CSI-Negative
704088166769271040,CSI-Negative
726508215605800960,CSI-Negative
683843788637384960,CSI-Negative
812568500573208576,CSI-Negative
728271088384270336,CSI-Negative
813174795374363008,CSI-Negative
767786401408675968,CSI-Negative
770319486553563136,CSI-Negative
756955997378322432,CSI-Negative
766405022221475968,CSI-Negative
783125760429228032,CSI-Negative
742741235690045056,CSI-Negative
738348715438690304,CSI-Negative
730080132359139328,CSI-Negative
743216541584392064,CSI-Negative
747629060067458944,CSI-Negative
697141270779592960,CSI-Negative
814299935319342976,CSI-Negative
690017066225655808,CSI-Negative
796438653077769984,CSI-Negative
774283322767843328,CSI-Negative
751262216549052032,CSI-Negative
751837090099388416,CSI-Positive
801916141488763008,CSI-Positive
811681751911243776,CSI-Positive
693943204060794880,CSI-Negative
711646914228396032,CSI-Positive
752606415114662016,CSI-Negative
718477633533709952,CSI-Negative
749363246033870976,CSI-Negative
738609383207108992,CSI-Negative
788831581070733056,CSI-Negative
745299570809250048,CSI-Negative
715890136723165184,CSI-Negative
702696140005842944,CSI-Negative
780016255579328512,CSI-Negative
785267854430134016,CSI-Negative
741588198476910592,CSI-Negative
797864668626820992,CSI-Negative
694219662175920000,CSI-Negative
688446160348918016,CSI-Negative
806902205135536128,CSI-Negative
751107616890195968,CSI-Negative
812978153928983040,CSI-Negative
809210239564317056,CSI-Negative
710238551347166976,CSI-Negative
771350202401816576,CSI-Negative
713670773311930368,CSI-Negative
778538526048710656,CSI-Negative
781187494041817088,CSI-Negative
800073929746424064,CSI-Negative
803810546655133952,CSI-Negative
757678078680240128,CSI-Positive
696780583242898944,CSI-Negative
783871608179917056,CSI-Negative
763392136347804032,CSI-Negative
730061524711038976,CSI-Negative
807598033009602944,CSI-Negative
797489009400413952,CSI-Negative
705229263478366208,CSI-Negative
782324406383218944,CSI-Negative
731666083703357440,CSI-Negative
784164117422731264,CSI-Negative
733503427947336064,CSI-Negative
792788819288461056,CSI-Negative
806220174760312960,CSI-Negative
806012736991739904,CSI-Negative
736188658835968000,CSI-Negative
714276657507344384,CSI-Negative
796268044418878976,CSI-Negative
703748947563532032,CSI-Negative
740640862280024064,CSI-Negative
777283726145303040,CSI-Negative
731303566845955968,CSI-Negative
804646214314708992,CSI-Positive
702195629720625152,CSI-Negative
774968263285637120,CSI-Negative
695819291434684416,CSI-Positive
697092050211069952,CSI-Negative
797303726985789056,CSI-Negative
800750666171944960,CSI-Negative
688737105837714944,CSI-Negative
792255944256282624,CSI-Positive
707855454374760448,CSI-Negative
776579162094076032,CSI-Negative
708048336641634304,CSI-Negative
692544173115851008,CSI-Negative
691701159526969344,CSI-Negative
732563010359832576,CSI-Negative
719072850192130048,CSI-Negative
802035707665613056,CSI-Negative
746304371852377984,CSI-Negative
808359090795778048,CSI-Positive
693410087810044032,CSI-Negative
765096481762127872,CSI-Positive
723380231008980992,CSI-Negative
752619707090567040,CSI-Negative
713584989577678848,CSI-Negative
749921276307841024,CSI-Negative
778823822921207808,CSI-Negative
800504158436675584,CSI-Negative
793430743234014976,CSI-Negative
708383542649073664,CSI-Negative
736066898517885056,CSI-Negative
769144032442318976,CSI-Negative
794060603014921984,CSI-Negative
735545804262236160,CSI-Negative
736536880913736064,CSI-Negative
743224620547969024,CSI-Negative
771066301968023552,CSI-Positive
747073152451214976,CSI-Negative
701756666447007744,CSI-Negative
730405961446260992,CSI-Negative
742073096245550976,CSI-Negative
701552283641720832,CSI-Negative
740869110796570624,CSI-Negative
710637075301847040,CSI-Negative
716652796498448384,CSI-Negative
736662896323657984,CSI-Negative
697435248712409088,CSI-Negative
705687900550254592,CSI-Negative
713519877831544832,CSI-Negative
791743428367384576,CSI-Negative
693076542117826560,CSI-Negative
743343164757413888,CSI-Positive
710908453317771264,CSI-Negative
765590214093840384,CSI-Positive
781134094088429056,CSI-Negative
782175491587314048,CSI-Negative
779069798311350272,CSI-Negative
695435752700669952,CSI-Negative
696535486756684032,CSI-Negative
715007163165319040,CSI-Negative
697939316836864000,CSI-Negative
812332287433974016,CSI-Negative
764565005857591296,CSI-Negative
777756870916338048,CSI-Negative
813504851346936064,CSI-Negative
785659737975169024,CSI-Negative
794498608922038016,CSI-Negative
713892572922520064,CSI-Negative
741027785045610496,CSI-Negative
755527943795970048,CSI-Negative
699354331129188352,CSI-Positive
766450774888951808,CSI-Negative
708822077604814976,CSI-Negative
772330025685282816,CSI-Positive
768698743910609024,CSI-Negative
791180126234960000,CSI-Negative
785107109339816064,CSI-Negative
797373626135608960,CSI-Negative
687026343293369984,CSI-Negative
766649039873977984,CSI-Negative
787106918695337984,CSI-Negative
740295022306791040,CSI-Negative
799578472200962048,CSI-Negative
758732432191266816,CSI-Negative
774062711185379328,CSI-Negative
724279290607600000,CSI-Negative
749970858576338944,CSI-Negative
734008904267538048,CSI-Negative
732002517480025984,CSI-Negative
751493640179024000,CSI-Positive
795645097878684032,CSI-Negative
751062310681281024,CSI-Negative
702391267892797440,CSI-Positive
714947181040443008,CSI-Negative
762438283838098944,CSI-Negative
711798695189065984,CSI-Negative
702700998649892992,CSI-Negative
792039678639611904,CSI-Negative
708246741716377984,CSI-Negative
726847666194238976,CSI-Negative
755486900920680064,CSI-Negative
696502264949665792,CSI-Negative
765546134957796992,CSI-Negative
760292293777690624,CSI-Negative
809150464885341952,CSI-Negative
763751616851959808,CSI-Negative
785497219311005952,CSI-Negative
708079711969267968,CSI-Negative
806630391352328064,CSI-Negative
792665615039275008,CSI-Negative
753515076548718592,CSI-Negative
788423938296516608,CSI-Negative
732225908581359616,CSI-Negative
704831851182030976,CSI-Negative
794653501104258944,CSI-Negative
743087871955898368,CSI-Negative
767791696155475968,CSI-Negative
804494451238380032,CSI-Negative
776837889778937856,CSI-Negative
759158642323049984,CSI-Negative
715668530381848960,CSI-Negative
694158472536002560,CSI-Positive
718570807979446016,CSI-Negative
763799199070686976,CSI-Negative
725484873784369152,CSI-Negative
781861451124313984,CSI-Negative
737830786716569984,CSI-Negative
793699097207149056,CSI-Negative
716115910650520064,CSI-Negative
809702660337242112,CSI-Negative
712249235517922944,CSI-Negative
747637131267477504,CSI-Negative
806890603514654720,CSI-Negative
781898210444976128,CSI-Positive
801879172431933056,CSI-Negative
684435957274169344,CSI-Positive
733838438630347008,CSI-Negative
754065196507917952,CSI-Negative
782453126028595200,CSI-Negative
812978233377522048,CSI-Negative
795466734366899968,CSI-Negative
782011992957649024,CSI-Negative
688487431247688064,CSI-Negative
685356680440332288,CSI-Positive
760692135863746560,CSI-Negative
790402688588669056,CSI-Negative
763918142540095488,CSI-Negative
756905434888433664,CSI-Negative
809863840498322944,CSI-Negative
786748563325849600,CSI-Negative
744792321724604032,CSI-Negative
767499404328697856,CSI-Negative
735711399104520192,CSI-Positive
731879384999727104,CSI-Positive
791716723485446016,CSI-Negative
709609744328035968,CSI-Negative
786346226799276032,CSI-Negative
789064677670158336,CSI-Positive
796203599894368256,CSI-Negative
811557277899616000,CSI-Negative
796281783855751040,CSI-Negative
783481357255241984,CSI-Negative
727261443259658240,CSI-Negative
717716401407016960,CSI-Positive
740532514956185984,CSI-Negative
753605530497654784,CSI-Negative
683299879653740544,CSI-Negative
689904375544823808,CSI-Negative
773180762346496000,CSI-Negative
715040496356352000,CSI-Negative
775507521876398080,CSI-Positive
812183931529400320,CSI-Negative
709213536812011520,CSI-Negative
705565124837416960,CSI-Negative
720622657427739008,CSI-Negative
790874310306967552,CSI-Negative
780427402950376960,CSI-Negative
802583075028869120,CSI-Negative
755791672454307840,CSI-Negative
738495164923138048,CSI-Negative
747574079524200064,CSI-Negative
774684789093826944,CSI-Negative
706862368257511424,CSI-Negative
776212497531408000,CSI-Negative
799676517596987392,CSI-Negative
730514503113309952,CSI-Negative
747093670076178432,CSI-Negative
688039615303922048,CSI-Negative
784592538711842944,CSI-Negative
705684938570469376,CSI-Positive
696709282645970944,CSI-Negative
809493806039073024,CSI-Negative
707248088579051520,CSI-Negative
778054457498231040,CSI-Negative
793832512053280768,CSI-Negative
795804195093959040,CSI-Negative
713515958518751232,CSI-Positive
731234362595762176,CSI-Positive
725183201124168064,CSI-Negative
807169510709096064,CSI-Negative
787300833021026048,CSI-Negative
735553403699486976,CSI-Negative
809051712929616000,CSI-Negative
702937522696024064,CSI-Negative
708094652486803456,CSI-Negative
697984982409674752,CSI-Negative
799340492458578048,CSI-Negative
688903241967341568,CSI-Positive
692264860529344512,CSI-Negative
735543631042489984,CSI-Negative
726806677975097344,CSI-Negative
713670004948865024,CSI-Negative
685125811746115584,CSI-Positive
685859996840497152,CSI-Negative
687225589078441984,CSI-Negative
727902595881288064,CSI-Negative
756155498303328256,CSI-Negative
742305908877824000,CSI-Positive
720359170579369984,CSI-Negative
760743540703972992,CSI-Negative
699536966090555008,CSI-Negative
788241583057478016,CSI-Negative
802563604746739712,CSI-Negative
785278066297672064,CSI-Negative
770990685990243968,CSI-Negative
811578546699190272,CSI-Negative
714932742014824448,CSI-Positive
725588715930812032,CSI-Negative
774398886404301056,CSI-Negative
756851645837894016,CSI-Negative
693598282136850048,CSI-Negative
725852510620020992,CSI-Negative
772849909615788032,CSI-Negative
738386683004080000,CSI-Negative
811023310465028096,CSI-Negative
737555625052250112,CSI-Positive
722103182097325952,CSI-Negative
687470711632302080,CSI-Negative
803290453902757888,CSI-Negative
720101419706146816,CSI-Negative
765585326660125056,CSI-Negative
799841174987177984,CSI-Negative
754474207506039040,CSI-Negative
690458763145384064,CSI-Negative
733895202000118016,CSI-Negative
736658576794648064,CSI-Negative
700276232458383360,CSI-Negative
702469189584420864,CSI-Positive
747526399339094016,CSI-Negative
799704077965947008,CSI-Negative
688288653693469056,CSI-Negative
745690940875091968,CSI-Negative
711760816471543808,CSI-Negative
738017659497906048,CSI-Negative
759067431327400064,CSI-Negative
699402423971028992,CSI-Negative
732272642888241152,CSI-Negative
687104072973980032,CSI-Negative
761921875626827776,CSI-Negative
778970935348957056,CSI-Negative
713127163143307008,CSI-Negative
813125584125592064,CSI-Negative
723610625402793984,CSI-Negative
705737628805688960,CSI-Negative
695715298893148160,CSI-Negative
722842660101341056,CSI-Negative
694572552610521088,CSI-Negative
784137693039058944,CSI-Negative
756227513974566912,CSI-Negative
793208701549175040,CSI-Negative
787780035025444992,CSI-Negative
812682867323059968,CSI-Negative
783055955890168064,CSI-Negative
805260894376706048,CSI-Negative
780315174838210944,CSI-Negative
808440619723001984,CSI-Negative
793599196150500992,CSI-Negative
703015274757272064,CSI-Negative
745780655645024256,CSI-Negative
748818159931624960,CSI-Negative
761518637442224128,CSI-Negative
740792580535951360,CSI-Negative
775780542688092032,CSI-Negative
799164269396979968,CSI-Negative
760113713118674944,CSI-Positive
746769387441520640,CSI-Negative
796521775882468992,CSI-Negative
782710910314017024,CSI-Negative
722739115427364864,CSI-Negative
691201343990677504,CSI-Negative
789566522507210752,CSI-Negative
771535173397520000,CSI-Negative
809128362232922112,CSI-Positive
761669228504158208,CSI-Negative
791968332614242048,CSI-Negative
688737662006616064,CSI-Negative
811228959639629824,CSI-Positive
788431609280290816,CSI-Negative
768558256742628992,CSI-Negative
770441177304706944,CSI-Negative
763190321769508864,CSI-Negative
799647623556845056,CSI-Negative
683626021803954048,CSI-Negative
797109871858565120,CSI-Negative
807625734793691008,CSI-Negative
748751861084152064,CSI-Negative
687452425192665088,CSI-Negative
689762225507147776,CSI-Negative
718343458176508032,CSI-Negative
806474654542102528,CSI-Negative
799598035302916096,CSI-Negative
756156914682195968,CSI-Negative
753581237835628544,CSI-Negative
697135265198944256,CSI-Negative
693212198009753984,CSI-Negative
809748901129552000,CSI-Negative
738803535492567040,CSI-Negative
806291976005918720,CSI-Negative
778608630295912448,CSI-Negative
771771828775903232,CSI-Positive
801392954095074944,CSI-Negative
770657510680240128,CSI-Positive
709253791934057984,CSI-Negative
702076299888697344,CSI-Negative
705846571703931008,CSI-Negative
759865882495454976,CSI-Negative
725338714780499968,CSI-Positive
719960389639892992,CSI-Negative
701446580843504000,CSI-Negative
709110581958062080,CSI-Negative
710183018489576960,CSI-Negative
796591849687265280,CSI-Negative
762906654862086144,CSI-Negative
710157844633538560,CSI-Positive
688283631924559872,CSI-Negative
698607461079585024,CSI-Negative
715594746769576064,CSI-Negative
793863289625255936,CSI-Positive
707082204640227328,CSI-Negative
792164182938361984,CSI-Negative
682819350907112960,CSI-Negative
772587133517206016,CSI-Negative
779235157349835008,CSI-Negative
759977012446498816,CSI-Negative
718027075936985088,CSI-Negative
705798749734309888,CSI-Negative
792444971345260544,CSI-Negative
780887739780637056,CSI-Negative
689116885351182336,CSI-Negative
739832864276131968,CSI-Negative
795100105703506048,CSI-Negative
785903071566193024,CSI-Negative
734695675741376512,CSI-Negative
711107531242868992,CSI-Negative
762410713101046016,CSI-Negative
801223696904049024,CSI-Negative
716355534052585472,CSI-Negative
725649682085588992,CSI-Negative
751283188509515776,CSI-Positive
752802647925747968,CSI-Negative
753485853721300992,CSI-Negative
795721263251537920,CSI-Negative
778936286358933504,CSI-Positive
722958187532423040,CSI-Negative
796064774236868992,CSI-Negative
800183357615128064,CSI-Negative
759364491792388096,CSI-Negative
763855978404216832,CSI-Positive
793567429368569856,CSI-Positive
715361922359631872,CSI-Negative
802491624894893952,CSI-Negative
803244568388963968,CSI-Negative
772152327084072960,CSI-Negative
811359624456732672,CSI-Positive
805156050878008960,CSI-Negative
798748826693603328,CSI-Negative
690079393465680000,CSI-Negative
712243404659253248,CSI-Negative
791659039369199616,CSI-Positive
717598704832749952,CSI-Negative
733430045461597952,CSI-Negative
802341963877990016,CSI-Negative
812141870612673024,CSI-Negative
714093204178505728,CSI-Negative
806144358944738944,CSI-Negative
810444061819571968,CSI-Negative
709850435876552704,CSI-Positive
785072203901510016,CSI-Negative
707024385601835008,CSI-Negative
761256415587474944,CSI-Negative
692322463783346176,CSI-Negative
764192684424647040,CSI-Negative
724082120658963968,CSI-Negative
730754064124915968,CSI-Negative
708384124218777984,CSI-Negative
711308848611647488,CSI-Negative
705752341757059072,CSI-Positive
756680095541047040,CSI-Negative
814278794630545408,CSI-Positive
696289309134102528,CSI-Negative
685470211022061568,CSI-Negative
773543711250583552,CSI-Negative
798698959585821056,CSI-Negative
811816560327278976,CSI-Negative
687532948514410496,CSI-Negative
686335697997836288,CSI-Positive
768787977631784960,CSI-Negative
807308929625714688,CSI-Positive
768386111357931520,CSI-Positive
705117950060023808,CSI-Negative
750549496719928960,CSI-Negative
713878565562007552,CSI-Negative
711727031118143488,CSI-Negative
736324311309377024,CSI-Negative
759877116179513344,CSI-Positive
810839024407576576,CSI-Negative
694974118035378176,CSI-Negative
731941813850759168,CSI-Negative
746888378537259008,CSI-Negative
805496484405846016,CSI-Negative
769208768999686016,CSI-Negative
796236158359335040,CSI-Negative
704575462396137472,CSI-Negative
756212539495546880,CSI-Positive
739299446849212032,CSI-Negative
694138661999288320,CSI-Negative
798593675387252992,CSI-Negative
790806418966318976,CSI-Negative
765947803214372992,CSI-Negative
705256794990497792,CSI-Positive
717742166693568512,CSI-Negative
707990915047137024,CSI-Negative
692243363656045056,CSI-Negative
786957678312624000,CSI-Negative
783917845520478208,CSI-Positive
797760046604034048,CSI-Negative
692837527091150848,CSI-Negative
794371108837453952,CSI-Negative
800782474322317056,CSI-Negative
730726244547842048,CSI-Positive
777704958011388032,CSI-Negative
697216467541086208,CSI-Positive
784882985057288192,CSI-Negative
776534506077560960,CSI-Negative
793185671426998016,CSI-Negative
786607552196775936,CSI-Positive
738901656461414016,CSI-Negative
775086013219824000,CSI-Negative
766239489253446016,CSI-Negative
734599065221074944,CSI-Negative
763314636447965184,CSI-Negative
783391366764040192,CSI-Negative
809197824189624064,CSI-Negative
765406294094283008,CSI-Negative
783967556243684992,CSI-Negative
769584903675675008,CSI-Negative
695928100987674624,CSI-Negative
743809176053383040,CSI-Negative
800168210091782144,CSI-Negative
745345150788861952,CSI-Negative
683336658218054016,CSI-Negative
781886635910762496,CSI-Negative
744301860194902016,CSI-Negative
686632579131249024,CSI-Negative
728190286556475392,CSI-Negative
763225606880305024,CSI-Negative
692557924124774400,CSI-Positive
720371625938534016,CSI-Negative
807910326607835008,CSI-Negative
709091223911456768,CSI-Positive
686778989101187072,CSI-Positive
812187578711548032,CSI-Negative
695266081997504512,CSI-Positive
745408463585452032,CSI-Negative
709847853582057472,CSI-Negative
723411072087035904,CSI-Negative
718081381750808960,CSI-Negative
795805175218717056,CSI-Negative
755720295294599168,CSI-Positive
798103541839708032,CSI-Negative
808990708447198976,CSI-Negative
723538403963339008,CSI-Negative
688008281248416000,CSI-Negative
723209696367136768,CSI-Negative
695764933414424576,CSI-Positive
764391954272493568,CSI-Negative
683017885900378112,CSI-Negative
791403001726599168,CSI-Negative
768339334638428160,CSI-Negative
782835089994616832,CSI-Positive
714601508571099008,CSI-Negative
687565618682424960,CSI-Negative
803971074148994944,CSI-Negative
766700729683709952,CSI-Negative
753704172810141952,CSI-Negative
688383071960313984,CSI-Negative
707171573078200320,CSI-Positive
768100417872027648,CSI-Positive
776873420768379008,CSI-Negative
729617088877208064,CSI-Negative
747441871647997952,CSI-Negative
699400625935748992,CSI-Negative
741995250508402944,CSI-Negative
793681496259177984,CSI-Negative
753326977621384960,CSI-Negative
769919828551430016,CSI-Negative
703231869572108288,CSI-Negative
747524912244371456,CSI-Negative
729744955309211648,CSI-Negative
713082461652123648,CSI-Negative
800795780554653696,CSI-Positive
694194288025017984,CSI-Negative
754892794020392960,CSI-Negative
719896874455405056,CSI-Negative
741059038616526848,CSI-Negative
691411285389484032,CSI-Negative
766068470593228800,CSI-Negative
782186054673657856,CSI-Positive
771663229927830016,CSI-Negative
759688173312016000,CSI-Negative
690431567777415168,CSI-Negative
797117275232931840,CSI-Negative
807272691564744960,CSI-Negative
750827324229160960,CSI-Negative
768234440518545024,CSI-Negative
717871231710547968,CSI-Negative
764761335464944000,CSI-Negative
705787414791327744,CSI-Positive
727494800136650752,CSI-Negative
753694850948604032,CSI-Negative
787288045007544064,CSI-Negative
719358393966837760,CSI-Negative
686344857724424192,CSI-Negative
727505981945446016,CSI-Negative
800191732654702976,CSI-Negative
797935347485277952,CSI-Negative
812409004764856064,CSI-Negative
728136259764244480,CSI-Negative
719552006747222016,CSI-Negative
715831539033047040,CSI-Negative
788779491577454592,CSI-Negative
697080095169597056,CSI-Negative
770952704428535808,CSI-Negative
723737312216141952,CSI-Negative
725863986714006016,CSI-Positive
756406022827154944,CSI-Negative
792199495924579968,CSI-Negative
723501753333879040,CSI-Negative
692238434799337472,CSI-Positive
773576503892247040,CSI-Negative
784467464859951104,CSI-Negative
711197704328707968,CSI-Negative
708322304141316096,CSI-Negative
695944634858652032,CSI-Negative
762326915541794816,CSI-Negative
795397082932715520,CSI-Negative
789419303988760576,CSI-Negative
806551001742344064,CSI-Negative
778947955827040256,CSI-Positive
737381677190680960,CSI-Negative
808989958954504064,CSI-Negative
809123572736200704,CSI-Positive
731004750431432960,CSI-Negative
713087167254413056,CSI-Negative
768566465574294016,CSI-Negative
792112262588665984,CSI-Negative
805851302911611008,CSI-Negative
753270255439536000,CSI-Negative
701070122522381952,CSI-Negative
754610588828008448,CSI-Negative
804046851053933056,CSI-Negative
726087710511890048,CSI-Negative
690045051305598976,CSI-Negative
699356314091266048,CSI-Negative
695311954009812992,CSI-Negative
801326951835332608,CSI-Positive
720838327495032832,CSI-Negative
789073727380033536,CSI-Negative
759112818301992960,CSI-Negative
697260506042736640,CSI-Positive
693188124306845696,CSI-Negative
791746324131553280,CSI-Positive
688028639145885952,CSI-Negative
684920415962054656,CSI-Negative
715829131234177024,CSI-Negative
690361260530082048,CSI-Negative
796611604838236160,CSI-Negative
791450315438644992,CSI-Negative
740644202657255040,CSI-Negative
800780243216822016,CSI-Negative
791097837148893056,CSI-Negative
699448897257808000,CSI-Negative
709877533752188928,CSI-Negative
789066758120411008,CSI-Negative
733811374816526336,CSI-Negative
797050406471892992,CSI-Negative
690715353782043008,CSI-Negative
787034350617497984,CSI-Negative
811374653952392960,CSI-Negative
786416356593983488,CSI-Positive
763458431328157952,CSI-Negative
706568463167262976,CSI-Negative
805856771461894144,CSI-Positive
713377214138490880,CSI-Positive
704093356851331072,CSI-Negative
809556824282173440,CSI-Negative
812503826997513984,CSI-Negative
744924276982112000,CSI-Negative
705771125645533184,CSI-Negative
726524825129259008,CSI-Negative
724625022875218048,CSI-Negative
700334921378766976,CSI-Negative
686390694269837056,CSI-Negative
797490687042290048,CSI-Negative
709075602498781056,CSI-Negative
748467773580390016,CSI-Negative
744039427589160960,CSI-Negative
801181050684735488,CSI-Positive
726812085120864000,CSI-Negative
739239383782543360,CSI-Positive
724233483267268992,CSI-Negative
788861022916448000,CSI-Negative
742331315635294208,CSI-Negative
795420646561955968,CSI-Negative
812880592052384000,CSI-Negative
687977762791928064,CSI-Negative
694822406737654016,CSI-Negative
766701096525889536,CSI-Negative
713194415695666944,CSI-Negative
760912016533884928,CSI-Negative
782354050750623744,CSI-Negative
748986219120525056,CSI-Negative
778582280302317568,CSI-Negative
718028982105411584,CSI-Negative
787630898019787008,CSI-Negative
738452920279142016,CSI-Negative
780964878148308992,CSI-Negative
774482615541740032,CSI-Negative
718015816810290944,CSI-Negative
716479828044558336,CSI-Negative
780638144873964032,CSI-Negative
757745768967000064,CSI-Positive
794402794706977024,CSI-Negative
727323135326994048,CSI-Negative
754848210955472896,CSI-Negative
767461863189650944,CSI-Negative
807986496355504000,CSI-Negative
792329803215040512,CSI-Positive
768637866373177344,CSI-Positive
728512513315352576,CSI-Negative
798646771283100032,CSI-Negative
689084160074461184,CSI-Negative
747881496564882944,CSI-Negative
799279380044324992,CSI-Negative
734523741330247680,CSI-Positive
781853429111160960,CSI-Negative
810236138107465984,CSI-Negative
784588997767074048,CSI-Negative
804702030828703744,CSI-Negative
746804401151574016,CSI-Negative
747016775494053888,CSI-Negative
803190213912588032,CSI-Negative
806998263375106048,CSI-Negative
800690296056987648,CSI-Negative
761985849697468032,CSI-Negative
733007885240656000,CSI-Negative
807801786648116992,CSI-Negative
704687293085278208,CSI-Negative
808760860520935040,CSI-Negative
783678637581209600,CSI-Positive
788121263923421056,CSI-Negative
686338261204250624,CSI-Negative
769351557116813056,CSI-Negative
758078403308237056,CSI-Negative
708695241293832064,CSI-Negative
727808672466898944,CSI-Negative
706032745915396096,CSI-Negative
686600622825590784,CSI-Negative
696097461157261312,CSI-Negative
719251015279599616,CSI-Negative
715535182434951168,CSI-Negative
793372274447486976,CSI-Negative
713608703094562816,CSI-Negative
775047114661384064,CSI-Negative
758033836307538048,CSI-Negative
781611336975409024,CSI-Negative
744977828920307968,CSI-Negative
702482636988665856,CSI-Negative
691885668763582464,CSI-Negative
747467200500404224,CSI-Positive
701883819788349056,CSI-Negative
747429395904659456,CSI-Negative
792893858954608640,CSI-Negative
758274082244669056,CSI-Negative
750519521694343040,CSI-Negative
764238032971133056,CSI-Negative
801882406735200000,CSI-Negative
806892968649039872,CSI-Positive
708317876353019904,CSI-Negative
804068604807364992,CSI-Negative
812937444106452992,CSI-Negative
738409368920678400,CSI-Negative
712994531344515072,CSI-Negative
731894212405408000,CSI-Negative
762580009483656960,CSI-Negative
796362592864308992,CSI-Negative
809010462570397696,CSI-Negative
756547441193808000,CSI-Negative
724320498100908032,CSI-Negative
757265890165613056,CSI-Negative
772858739359645952,CSI-Negative
751399950081142784,CSI-Negative
776751792960962944,CSI-Negative
727705954423296000,CSI-Negative
710177779078316032,CSI-Negative
728762822574776320,CSI-Negative
773953358281474048,CSI-Negative
685839873719144448,CSI-Negative
755232520401224064,CSI-Negative
712975837469892608,CSI-Positive
743533780334317056,CSI-Negative
751132122442792960,CSI-Negative
755732067418112000,CSI-Positive
814146028232470528,CSI-Positive
717283122522562944,CSI-Negative
683033148268113920,CSI-Negative
695380016343822336,CSI-Positive
746893810580390016,CSI-Negative
792564057362399232,CSI-Negative
690232913330200576,CSI-Negative
796714739418222976,CSI-Negative
714974660828397952,CSI-Negative
758427243966324992,CSI-Negative
737880249074126976,CSI-Negative
797249493699673984,CSI-Negative
700313218263158784,CSI-Positive
796567590567084032,CSI-Negative
772780190837727232,CSI-Negative
759200644582543360,CSI-Negative
706607155336475008,CSI-Negative
732428261003689984,CSI-Negative
710700197890957056,CSI-Negative
774838936086642944,CSI-Negative
751696437499555840,CSI-Negative
735909170826862976,CSI-Negative
789421595588697984,CSI-Negative
782044916822241024,CSI-Negative
805389053961059968,CSI-Negative
781257058360430976,CSI-Negative
692307222869741952,CSI-Negative
687285182739561984,CSI-Negative
743868515896156160,CSI-Negative
772229680984449024,CSI-Negative
708826542739067008,CSI-Negative
792202680370339840,CSI-Positive
791664574999040000,CSI-Negative
707682956278534144,CSI-Negative
784083924402184192,CSI-Negative
779322729409482752,CSI-Positive
740380347519500288,CSI-Negative
770746237679243008,CSI-Negative
805786335084544000,CSI-Positive
775399557651804160,CSI-Positive
719567549889912960,CSI-Negative
746501407998632064,CSI-Negative
798465782762114944,CSI-Negative
812380558676337024,CSI-Negative
795311035020414976,CSI-Negative
791308593614192640,CSI-Positive
769886423218545024,CSI-Negative
716667916242919040,CSI-Negative
725542357702041984,CSI-Negative
730487706980061056,CSI-Negative
802678470287490944,CSI-Negative
722383826517827584,CSI-Negative
714544215804485632,CSI-Positive
796828728026427392,CSI-Negative
760650738586353664,CSI-Negative
741677500745552000,CSI-Negative
739532476050215040,CSI-Negative
765613746219868032,CSI-Negative
797063899103293440,CSI-Negative
707688903629611008,CSI-Negative
690734179324183040,CSI-Negative
799877776463592960,CSI-Negative
722326771962658944,CSI-Negative
771859091182477312,CSI-Negative
694616562636984320,CSI-Negative
774091265163964032,CSI-Negative
796015384541347840,CSI-Negative
721898804707008512,CSI-Negative
705237805337710592,CSI-Negative
720971325808856960,CSI-Negative
699230711274844160,CSI-Negative
776783311603634176,CSI-Negative
788126193027420160,CSI-Negative
722987360359608320,CSI-Positive
705512761061712000,CSI-Negative
762833837357355008,CSI-Positive
687008218166460416,CSI-Positive
735427225030254592,CSI-Negative
723531291203788800,CSI-Negative
731271333498195968,CSI-Negative
808846049712467968,CSI-Negative
717924892784463872,CSI-Positive
713212219627016064,CSI-Negative
759850154207740032,CSI-Negative
794325085796651008,CSI-Positive
763412255169843200,CSI-Positive
685102905695834112,CSI-Positive
748569821818675200,CSI-Negative
770765802752598016,CSI-Negative
780761882483421184,CSI-Positive
721089230454129024,CSI-Negative
776459252152016896,CSI-Negative
768857434492461056,CSI-Negative
710105137491025920,CSI-Negative
804308154720944000,CSI-Negative
694601854722834432,CSI-Positive
770331961156001792,CSI-Negative
747415552692347008,CSI-Negative
746186137442476032,CSI-Negative
732056088145694976,CSI-Negative
813755174581891072,CSI-Positive
744485403357516032,CSI-Negative
765305986827559040,CSI-Negative
807548766853139968,CSI-Negative
686637651840122880,CSI-Negative
771274340390219776,CSI-Negative
695957359533772800,CSI-Positive
774182423256928000,CSI-Negative
751465549020818944,CSI-Negative
777925070312181760,CSI-Negative
765285748018913280,CSI-Positive
697735188160369024,CSI-Negative
772196122718711808,CSI-Positive
762429393348066944,CSI-Negative
812690636541411328,CSI-Positive
686567371818045440,CSI-Negative
755513914922721280,CSI-Negative
790958509659598848,CSI-Negative
723238553484816384,CSI-Negative
786203122377036032,CSI-Negative
691395451510243328,CSI-Positive
808224045422486016,CSI-Negative
774081491798139008,CSI-Negative
742379788099158016,CSI-Negative
784944716336856960,CSI-Negative
700366148701810944,CSI-Negative
708134881662881792,CSI-Negative
774065985598939008,CSI-Negative
740727232117624960,CSI-Negative
712521147749949440,CSI-Negative
780845514770227200,CSI-Negative
800020820319870976,CSI-Positive
708035780548104064,CSI-Negative
801961658910384128,CSI-Negative
788652791938027520,CSI-Positive
754651418456264960,CSI-Negative
695549628788375552,CSI-Negative
709893425928258048,CSI-Negative
725670813291151360,CSI-Positive
736056121408905216,CSI-Negative
709607563373842432,CSI-Negative
807296832938376960,CSI-Negative
795895487001985024,CSI-Negative
691455676069981952,CSI-Negative
707296808813404032,CSI-Negative
791054068424797952,CSI-Negative
708704553378693120,CSI-Negative
744686726656884736,CSI-Positive
699309583064547328,CSI-Positive
778616699989822976,CSI-Negative
746377508833026048,CSI-Negative
809462726435094528,CSI-Negative
796687420867613056,CSI-Negative
792743977942253952,CSI-Negative
796265060557614976,CSI-Negative
794561870745063424,CSI-Positive
686548777117838976,CSI-Negative
761624617500966912,CSI-Positive
774148034343035008,CSI-Negative
782365497740390016,CSI-Negative
699166118473286016,CSI-Negative
769069428784922624,CSI-Negative
776532803232076032,CSI-Negative
790890110053212160,CSI-Negative
790492384907976704,CSI-Positive
768687422087500032,CSI-Negative
811526338368643072,CSI-Negative
745760458120953856,CSI-Negative
746625877459480576,CSI-Negative
751214059383558144,CSI-Positive
741286129345954048,CSI-Negative
752722437121437696,CSI-Negative
765468716842779008,CSI-Negative
764038966677045248,CSI-Negative
785453708628799488,CSI-Negative
745650692145065984,CSI-Negative
814093884456194048,CSI-Negative
693967430943550976,CSI-Negative
747360664608354048,CSI-Negative
717072239959481984,CSI-Negative
784671000529101056,CSI-Negative
803074171135634944,CSI-Negative
788288532330712960,CSI-Negative
763420027013828992,CSI-Negative
710435211205591040,CSI-Negative
765872033007825024,CSI-Negative
690304742405222016,CSI-Negative
686338037412958208,CSI-Negative
802921063998889984,CSI-Negative
738456951755922944,CSI-Negative
705214498802512000,CSI-Negative
799190145308229632,CSI-Negative
732116152671830016,CSI-Negative
797244872109342976,CSI-Negative
689285245871505408,CSI-Negative
789602904302771968,CSI-Negative
807814748360294016,CSI-Negative
722445507038158976,CSI-Negative
684509222013420032,CSI-Negative
698816286147497984,CSI-Negative
790196544544924032,CSI-Negative
776091995609718784,CSI-Negative
700158689961910272,CSI-Negative
788184590355575040,CSI-Negative
722189083196305024,CSI-Negative
749184201870578048,CSI-Negative
814131871835635968,CSI-Negative
736161287726583808,CSI-Positive
699549811217985536,CSI-Negative
780739038210732032,CSI-Negative
743341381372903424,CSI-Positive
757922705635025024,CSI-Negative
766648162647846912,CSI-Negative
710878583271477248,CSI-Positive
773123618880520192,CSI-Positive
696432046185542016,CSI-Negative
717700152111312896,CSI-Positive
712388378759548928,CSI-Negative
711772239692222464,CSI-Positive
720614574223945984,CSI-Negative
737918829670637056,CSI-Negative
793691002888392960,CSI-Negative
754716313612853248,CSI-Positive
783710503034035968,CSI-Negative
709331960976420992,CSI-Negative
696599781536215040,CSI-Negative
766303739904864256,CSI-Positive
750921389088055040,CSI-Negative
756123311038430976,CSI-Negative
736360431703334912,CSI-Positive
707499447341731968,CSI-Negative
704395724507709440,CSI-Negative
762451132278935552,CSI-Positive
786907332420701952,CSI-Negative
682595325593411584,CSI-Negative
799386276411698944,CSI-Negative
813973033492840448,CSI-Positive
768125047709978624,CSI-Negative
762387173328978048,CSI-Negative
770130110003416960,CSI-Negative
689171460955475968,CSI-Negative
712313650187529984,CSI-Negative
695141141851734016,CSI-Negative
793036123232538624,CSI-Negative
698343431387525120,CSI-Negative
813691196530917376,CSI-Negative
705306792511668224,CSI-Negative
700571413413917056,CSI-Negative
688523270497369984,CSI-Negative
687285748769280000,CSI-Negative
689543809365966848,CSI-Negative
746490252156510208,CSI-Negative
788503799203700736,CSI-Negative
768441571968712704,CSI-Negative
749766270791266304,CSI-Negative
705655279480733952,CSI-Negative
778921965708980224,CSI-Positive
749494137469149184,CSI-Negative
695211463963598848,CSI-Negative
743866380642979840,CSI-Positive
804136979134824448,CSI-Positive
709042711525981952,CSI-Negative
718917381163196032,CSI-Negative
730191707422121984,CSI-Negative
698794056390848512,CSI-Negative
686049274338120064,CSI-Negative
746324151632158720,CSI-Negative
786474059236192256,CSI-Negative
792561924244251008,CSI-Negative
687345950914822144,CSI-Negative
780582163309662208,CSI-Negative
723138097282584576,CSI-Positive
728214069057073152,CSI-Positive
693193986643635968,CSI-Negative
741060207841845248,CSI-Negative
803939868439179264,CSI-Negative
814983103957660032,CSI-Negative
802166278039437056,CSI-Negative
695542658547257344,CSI-Negative
699896463904472960,CSI-Negative
780110593650897024,CSI-Negative
790772827917910016,CSI-Negative
803945375799398400,CSI-Negative
790579147449872000,CSI-Negative
779765985683186048,CSI-Negative
802925740949991040,CSI-Negative
800984888509874048,CSI-Negative
700127275568606976,CSI-Negative
758790664905564160,CSI-Negative
779300893170733056,CSI-Negative
687345520960999424,CSI-Negative
738518652362722944,CSI-Negative
738067911386923008,CSI-Negative
727406687464907008,CSI-Negative
800606520895569920,CSI-Negative
691721273987043328,CSI-Negative
718322596337623040,CSI-Negative
754727788628812032,CSI-Negative
748264597031903232,CSI-Negative
734027096910140032,CSI-Negative
806449812367360000,CSI-Negative
775821894482137088,CSI-Negative
806064457713470976,CSI-Negative
792642680010445056,CSI-Negative
752223386613448960,CSI-Negative
794658409580732416,CSI-Negative
778635278340664960,CSI-Negative
792083453537718272,CSI-Negative
813351553906118656,CSI-Negative
792987658104385024,CSI-Negative
687912848647975040,CSI-Negative
688059397008797952,CSI-Negative
705320415883710464,CSI-Negative
720420729074749440,CSI-Negative
718774821862129664,CSI-Negative
751933213568737024,CSI-Negative
733689506180764032,CSI-Negative
685297715660590976,CSI-Negative
794504315830345728,CSI-Negative
712776278336614400,CSI-Negative
756008556130951040,CSI-Negative
713325826918391808,CSI-Negative
771270635452526976,CSI-Negative
791939423625634048,CSI-Negative
747826438644998016,CSI-Negative
764009833964024064,CSI-Negative
700802584437608064,CSI-Negative
735108106980601856,CSI-Negative
792755195008561024,CSI-Negative
809236767136059392,CSI-Negative
791340772943618048,CSI-Negative
809483786761158656,CSI-Negative
776450746569125888,CSI-Negative
770351400622620672,CSI-Negative
700473630099111936,CSI-Negative
799815514495287040,CSI-Negative
733331222940647040,CSI-Negative
773407082737467392,CSI-Positive
765001618614063104,CSI-Positive
770720766417526784,CSI-Negative
685829296007462912,CSI-Negative
692767617321419008,CSI-Negative
695051736189251584,CSI-Positive
722494120493780992,CSI-Negative
794356425162194944,CSI-Negative
759390313454665984,CSI-Negative
793140792541913088,CSI-Negative
773510292089208832,CSI-Positive
798920065873678336,CSI-Negative
799463505585913856,CSI-Positive
770331720520441856,CSI-Positive
807600855339961984,CSI-Negative
683717591844679680,CSI-Negative
782125086040023040,CSI-Negative
766114022311591936,CSI-Negative
782939912622465024,CSI-Negative
686178579508506624,CSI-Negative
729600440053186944,CSI-Negative
690637910828187648,CSI-Negative
744584643882672000,CSI-Negative
790200633181741056,CSI-Negative
789613285410759040,CSI-Negative
692959661797020032,CSI-Negative
799412379461316992,CSI-Negative
700124973613108992,CSI-Negative
716219944090869760,CSI-Negative
778562545120535040,CSI-Negative
794933382350306944,CSI-Negative
686648437207601152,CSI-Negative
791560241666150400,CSI-Positive
710472287615475712,CSI-Negative
705736362939568128,CSI-Positive
689947959430094848,CSI-Negative
794531236760981504,CSI-Positive
730548109328015360,CSI-Negative
738438363464617984,CSI-Negative
694885741730598912,CSI-Negative
787065029262619008,CSI-Negative
704143508916051968,CSI-Positive
727882557921037952,CSI-Negative
771650118269272064,CSI-Negative
768117926402547712,CSI-Negative
767518021334147072,CSI-Positive
808755898302743040,CSI-Negative
736123443721052160,CSI-Negative
690909857814290432,CSI-Negative
813093489181360000,CSI-Negative
754750826485251968,CSI-Negative
758913642515410944,CSI-Negative
797929718641262976,CSI-Negative
811503033871896064,CSI-Negative
810911772576280064,CSI-Negative
690028325419536000,CSI-Negative
787754700955324032,CSI-Negative
755130681588641792,CSI-Negative
776185286481048064,CSI-Negative
791260381196980224,CSI-Negative
700681210549428224,CSI-Negative
808537723745300480,CSI-Negative
710151763219841024,CSI-Negative
770021928585289728,CSI-Positive
701830569991213056,CSI-Negative
760578548281270016,CSI-Negative
707687188805362048,CSI-Negative
732840424272891904,CSI-Positive
716623616599728128,CSI-Negative
770016905222585984,CSI-Negative
781931016931769984,CSI-Negative
693571404462215040,CSI-Negative
761647050454860032,CSI-Negative
775516409438739968,CSI-Negative
729838893416091648,CSI-Negative
703727324735401984,CSI-Negative
708534489782362112,CSI-Negative
703448160782459008,CSI-Negative
685895176456245248,CSI-Negative
783927706056471040,CSI-Negative
723962869537116032,CSI-Negative
786089458995265024,CSI-Negative
743141630505476096,CSI-Positive
692758175376760960,CSI-Negative
774776196680647040,CSI-Negative
723889457095536640,CSI-Negative
802962441940254976,CSI-Negative
699047424879362048,CSI-Negative
790932455414980608,CSI-Negative
714635980985274368,CSI-Negative
734465741236277248,CSI-Negative
796259134228164992,CSI-Negative
747763026988769024,CSI-Negative
690358531812364032,CSI-Negative
686989027669442560,CSI-Positive
723659224266489984,CSI-Negative
798952717091676032,CSI-Negative
752724422046392320,CSI-Negative
746582903014985728,CSI-Positive
710118951880105984,CSI-Negative
787740038436126976,CSI-Negative
815106576818179968,CSI-Negative
705399497053106048,CSI-Negative
717013689627320064,CSI-Negative
801928773155361024,CSI-Negative
791444390816342016,CSI-Positive
694557027692122112,CSI-Negative
716802279618129920,CSI-Negative
700860944923033984,CSI-Negative
705378369974747008,CSI-Negative
729146729275133952,CSI-Negative
710141882765086720,CSI-Positive
766851993231036032,CSI-Negative
743646938180911104,CSI-Positive
686019909206184064,CSI-Negative
761051879350472704,CSI-Negative
785212130723303040,CSI-Negative
704635232801177984,CSI-Negative
726288194631786496,CSI-Negative
804161967225126912,CSI-Negative
708833346231599104,CSI-Positive
795749393634886016,CSI-Negative
786784497631105024,CSI-Positive
686987535587749888,CSI-Negative
765867339841692032,CSI-Negative
722437168350626048,CSI-Negative
773314999120962048,CSI-Negative
698985368184562048,CSI-Negative
813853142995632000,CSI-Negative
722833532058477056,CSI-Negative
711827188396331008,CSI-Negative
684870857487942016,CSI-Negative
807373437278846976,CSI-Negative
703319793429057536,CSI-Negative
765660116150394880,CSI-Negative
739052910248501248,CSI-Negative
719257025847422976,CSI-Negative
788122785772102016,CSI-Negative
692457713012477952,CSI-Negative
791893410240081920,CSI-Positive
796725282300424192,CSI-Negative
799715330029301760,CSI-Positive
757157669761389056,CSI-Negative
812020038765047808,CSI-Negative
734795085230046976,CSI-Negative
777107548612677632,CSI-Negative
696521639790514176,CSI-Negative
805553623480430976,CSI-Negative
734137683082018944,CSI-Negative
771369182894039040,CSI-Positive
732628505461182464,CSI-Negative
749759842689032064,CSI-Negative
730746874550845440,CSI-Positive
740336907880664960,CSI-Negative
727065558529745024,CSI-Negative
785983029407780992,CSI-Negative
761317322275561472,CSI-Negative
785170414817382400,CSI-Negative
793094477665755008,CSI-Negative
759754851450445952,CSI-Negative
710073608584835072,CSI-Negative
700179391658254336,CSI-Negative
758211308672000000,CSI-Negative
782996626214383616,CSI-Positive
733164650066412032,CSI-Negative
722580065129795968,CSI-Negative
747140073502563968,CSI-Negative
770879110700790016,CSI-Negative
731278578705416064,CSI-Negative
767565924614286976,CSI-Negative
684866442995609600,CSI-Negative
806637565155549056,CSI-Negative
767748062529875968,CSI-Negative
715645227852169216,CSI-Positive
783610559207869952,CSI-Negative
697737058882702976,CSI-Negative
741379100808334976,CSI-Negative
790267572440760320,CSI-Negative
702185260486799360,CSI-Negative
797968615391760000,CSI-Negative
722431733610738048,CSI-Negative
812736901014843392,CSI-Negative
752558395064930048,CSI-Negative
725851501894094976,CSI-Negative
751845503256625024,CSI-Negative
767689309856133120,CSI-Negative
688818398155944064,CSI-Negative
730127520096497664,CSI-Negative
706860948305420288,CSI-Negative
767247401828487040,CSI-Negative
782695539825454976,CSI-Negative
690793989247767040,CSI-Negative
785908269806006272,CSI-Negative
772835757979422720,CSI-Negative
715696182450848000,CSI-Negative
788910282450099968,CSI-Negative
695362252522651648,CSI-Positive
800583362037452800,CSI-Negative
711580206759288960,CSI-Negative
781468014701121536,CSI-Positive
754588231300030464,CSI-Negative
693893381974593536,CSI-Negative
723242194337971968,CSI-Negative
721744373361324032,CSI-Negative
784072371233841152,CSI-Negative
743929976811040768,CSI-Negative
800397467124637952,CSI-Negative
682868205740753024,CSI-Negative
724212065225850880,CSI-Negative
787989709360214016,CSI-Negative
813353771015241728,CSI-Negative
807008421316887040,CSI-Negative
795734265447218944,CSI-Negative
691300708935532544,CSI-Positive
792397372152287232,CSI-Positive
748950594346418176,CSI-Positive
789815036256644992,CSI-Negative
786660603985268736,CSI-Positive
743890970572316672,CSI-Negative
718658066393137024,CSI-Negative
753177387412496384,CSI-Negative
796248655275683968,CSI-Negative
813277186329378816,CSI-Positive
740435666459361280,CSI-Positive
698797780265885952,CSI-Negative
692344568637997056,CSI-Negative
781035733301756032,CSI-Negative
789711139403890944,CSI-Negative
810222608847400960,CSI-Negative
700004576875908992,CSI-Negative
790485848999522304,CSI-Negative
735934047944380416,CSI-Positive
709743306368942080,CSI-Negative
806765247503613952,CSI-Negative
796000964041809920,CSI-Positive
738412640519606272,CSI-Negative
695952269251100672,CSI-Negative
701461350678028032,CSI-Negative
793670779992936064,CSI-Negative
739741844427280384,CSI-Negative
789829208684003328,CSI-Positive
805469833798307840,CSI-Positive
775857781190439040,CSI-Negative
812236994113863680,CSI-Negative
715903863669334016,CSI-Positive
698540110543891968,CSI-Negative
689841224530919424,CSI-Positive
813767215560409088,CSI-Negative
743458228240015360,CSI-Positive
711547143949914112,CSI-Negative
725742883928702976,CSI-Positive
721303142667825024,CSI-Negative
743179142691171968,CSI-Negative
727314125722935040,CSI-Negative
722848599306936064,CSI-Negative
794528735760420992,CSI-Negative
787226503612292992,CSI-Negative
689964072855552000,CSI-Negative
773268051038904320,CSI-Negative
755234188492673024,CSI-Negative
777511793577037824,CSI-Positive
779162462977490944,CSI-Negative
686652163796385792,CSI-Negative
785828383775088640,CSI-Negative
700078888085495808,CSI-Negative
723284979162045952,CSI-Negative
751919155515830272,CSI-Negative
770677095458443264,CSI-Negative
709869263696297984,CSI-Negative
799846552797872000,CSI-Negative
729464384209068032,CSI-Negative
788450097092697984,CSI-Negative
715101276892226048,CSI-Negative
713091777184604032,CSI-Negative
763342252500459520,CSI-Negative
698977386310664192,CSI-Negative
698254349059883008,CSI-Negative
771591410168402048,CSI-Negative
691454129852428032,CSI-Negative
775356203924877312,CSI-Positive
703022678815298048,CSI-Negative
695914886262468608,CSI-Negative
705068978029228032,CSI-Negative
759715491128615040,CSI-Negative
775714681432473600,CSI-Negative
696229765825474560,CSI-Negative
768987500065000960,CSI-Negative
789597379859213952,CSI-Negative
796667584171151360,CSI-Negative
776835551945043968,CSI-Positive
753478810268425984,CSI-Negative
759818430107246976,CSI-Negative
747070934457147392,CSI-Negative
772604889016865024,CSI-Negative
699104902937640960,CSI-Negative
692611613715668992,CSI-Negative
685496233880891392,CSI-Positive
697414180257705984,CSI-Negative
745989546513403904,CSI-Negative
812481971389656960,CSI-Negative
764035044658642944,CSI-Negative
785967750589985024,CSI-Negative
747996873663741952,CSI-Negative
684900441335971968,CSI-Negative
773625147911659520,CSI-Negative
770072234849337344,CSI-Positive
777515328804839040,CSI-Negative
773191805336772992,CSI-Negative
764310176144908032,CSI-Negative
702208391607792000,CSI-Negative
791935885516218368,CSI-Negative
760601149254742016,CSI-Positive
688021515200237952,CSI-Negative
768644941056733184,CSI-Negative
710993217232117760,CSI-Negative
722508518578851968,CSI-Negative
758142252656898048,CSI-Negative
754444208912605056,CSI-Negative
806205138968841984,CSI-Negative
800070136459918976,CSI-Negative
715672713801634048,CSI-Negative
776517416457166976,CSI-Negative
763720741791625216,CSI-Negative
735961082888491008,CSI-Negative
715052580741709824,CSI-Negative
721013134442553344,CSI-Negative
713429032210009984,CSI-Negative
724607427987918848,CSI-Negative
795723314740269056,CSI-Negative
779502989660880896,CSI-Negative
773947114439270400,CSI-Positive
735461066415722496,CSI-Negative
713964084882853888,CSI-Negative
756270449525304960,CSI-Negative
737113349192880000,CSI-Negative
792014336134778880,CSI-Negative
753593894084808704,CSI-Negative
713411299712089984,CSI-Negative
777370915688636032,CSI-Negative
811016335308258944,CSI-Negative
813984592466215040,CSI-Negative
701872121312472960,CSI-Negative
758173071903691008,CSI-Negative
755047417368764416,CSI-Negative
715597720623316992,CSI-Negative
786744400084733952,CSI-Negative
761622562933617024,CSI-Negative
746265896168075008,CSI-Negative
809832369846886400,CSI-Negative
689140225629622272,CSI-Positive
773998489764294656,CSI-Negative
698383933990445056,CSI-Negative
798025295286701952,CSI-Negative
796509242219839488,CSI-Negative
725379467028369024,CSI-Negative
787256405115883520,CSI-Negative
695004040355275008,CSI-Negative
719624487927484032,CSI-Negative
688740328711454720,CSI-Positive
703038935170216064,CSI-Negative
716966556052414464,CSI-Negative
684064553064251392,CSI-Negative
786754175610654976,CSI-Negative
743283659554328064,CSI-Negative
790903113116966912,CSI-Positive
791179027075727360,CSI-Positive
790960880112447488,CSI-Negative
751242979520573056,CSI-Negative
808861984951332992,CSI-Negative
795159956228108288,CSI-Positive
686504894539280384,CSI-Negative
745259001948975104,CSI-Negative
714115387034583040,CSI-Negative
742567119850635264,CSI-Negative
728641402142220288,CSI-Negative
807784021874920960,CSI-Negative
727891403120988032,CSI-Negative
732004020877824000,CSI-Negative
766552044417101952,CSI-Negative
710103971919224832,CSI-Positive
706997683248979968,CSI-Positive
760252196516573184,CSI-Negative
709644055609737216,CSI-Negative
718761815891517056,CSI-Negative
736501671535120000,CSI-Negative
771066878500364288,CSI-Positive
738807840442290176,CSI-Negative
710042178391826432,CSI-Negative
727690586501812224,CSI-Negative
810212103038627840,CSI-Negative
724763209903665024,CSI-Negative
765746850477597056,CSI-Negative
729157738991911040,CSI-Negative
746224254220275968,CSI-Negative
806545683905843200,CSI-Positive
738473706880684032,CSI-Negative
686303586397995008,CSI-Negative
802070916414995968,CSI-Negative
785506179493617664,CSI-Positive
814495400384232960,CSI-Negative
795074073042755968,CSI-Negative
743491696021876736,CSI-Negative
780807598794764032,CSI-Negative
685240439960502016,CSI-Negative
771362887671612032,CSI-Negative
729632682313814016,CSI-Negative
783264636149854208,CSI-Positive
793541675641602048,CSI-Negative
735011972480012032,CSI-Negative
739290269368103040,CSI-Negative
800473674553892992,CSI-Negative
783375332657115136,CSI-Negative
702478155802513024,CSI-Negative
728338762560757760,CSI-Negative
806895102002085888,CSI-Positive
715572215480258944,CSI-Negative
746538438506094592,CSI-Positive
790687584410141056,CSI-Negative
762345313738722944,CSI-Negative
709645288907128832,CSI-Negative
767083723967771008,CSI-Negative
768483121322925952,CSI-Negative
688025306079334016,CSI-Negative
748657672178793984,CSI-Negative
710831649001329024,CSI-Negative
759215466229424128,CSI-Negative
797166762546654976,CSI-Negative
774182117219512320,CSI-Negative
709707928740175872,CSI-Negative
738022435795181568,CSI-Negative
786105932036116480,CSI-Positive
692138205269876992,CSI-Negative
699420080841585024,CSI-Negative
775131544088252032,CSI-Negative
804894243840020480,CSI-Negative
780171462397136896,CSI-Negative
768203949509705984,CSI-Negative
797145224011124736,CSI-Negative
714615485296304000,CSI-Negative
716057714061873152,CSI-Negative
702636222213136000,CSI-Negative
707184156808052736,CSI-Negative
740637175079789056,CSI-Negative
800719619946409984,CSI-Positive
814871819085816064,CSI-Negative
788488273551303040,CSI-Negative
704800521782215040,CSI-Negative
759836486359548032,CSI-Negative
685762704070455296,CSI-Negative
781072703734317056,CSI-Negative
760829595289391104,CSI-Negative
687482149465751552,CSI-Negative
743900825945178112,CSI-Negative
765912123314765952,CSI-Positive
774865081674961024,CSI-Negative
692849539254889984,CSI-Negative
805066610465718016,CSI-Negative
702499837632225280,CSI-Positive
754121914948328960,CSI-Negative
698012396942659584,CSI-Negative
735167501961592832,CSI-Negative
709263662062632960,CSI-Negative
702230882669764992,CSI-Negative
762746388601942016,CSI-Positive
717990865159868416,CSI-Negative
796221204788981760,CSI-Negative
810704066594689024,CSI-Negative
737321935600635904,CSI-Negative
739822237855817728,CSI-Negative
712760375926595584,CSI-Negative
766689370388696960,CSI-Negative
778928672485076992,CSI-Negative
727607370096988032,CSI-Negative
714125076841570048,CSI-Negative
800708957748662272,CSI-Negative
717617101666664064,CSI-Negative
720276182541996032,CSI-Positive
789213385648926976,CSI-Negative
790296264713854976,CSI-Negative
793891258225795072,CSI-Negative
697829927324930048,CSI-Negative
729808879866023936,CSI-Negative
747354821351583744,CSI-Positive
716029091913163008,CSI-Negative
742809158349664256,CSI-Negative
699699059695554560,CSI-Negative
795721523273159040,CSI-Negative
738617917068059008,CSI-Negative
747864820456766976,CSI-Negative
783174556076892160,CSI-Negative
695313575720521728,CSI-Positive
719544554421121024,CSI-Negative
688870499103805440,CSI-Negative
733465906093776896,CSI-Negative
738785377213947904,CSI-Negative
754994021261578240,CSI-Positive
761531996728270848,CSI-Negative
746479985490264064,CSI-Negative
809346640515650048,CSI-Negative
762352911049523200,CSI-Negative
703260618053325056,CSI-Negative
731958377354387456,CSI-Negative
722103828380672000,CSI-Negative
695362985930297344,CSI-Positive
714420005807464064,CSI-Negative
751526615738384384,CSI-Negative
739547995197210624,CSI-Positive
759113964492059008,CSI-Negative
708580452731379968,CSI-Negative
699726452984569856,CSI-Negative
781014108401524992,CSI-Negative
736393509779984000,CSI-Negative
689104974517793024,CSI-Negative
787646824890892288,CSI-Positive
701917268326875008,CSI-Negative
773248260911853056,CSI-Negative
797436544269320064,CSI-Negative
684605110874430976,CSI-Negative
691193387337277056,CSI-Negative
764620891120659968,CSI-Negative
789482486921306112,CSI-Positive
805884570872717312,CSI-Negative
749830429931287040,CSI-Negative
772830051268227072,CSI-Negative
809061663647240192,CSI-Positive
733565946887949952,CSI-Negative
704729434981474304,CSI-Negative
722959709033000960,CSI-Negative
814963308084109056,CSI-Negative
727505918578024064,CSI-Negative
745327893819994112,CSI-Negative
734255224962076672,CSI-Negative
775684490358198016,CSI-Negative
688226217707748992,CSI-Negative
792083445690224640,CSI-Negative
777759373540089856,CSI-Negative
727009296576221056,CSI-Negative
778708516500496384,CSI-Negative
797016516864581632,CSI-Negative
